{
  "sim__total_assets": {
    "median": 125815397.5,
    "iqr": 239369219.25,
    "lo": 7307114.245,
    "hi": 40572455718.655136
  },
  "sim__current_assets": {
    "median": 53387639.0,
    "iqr": 85323930.0,
    "lo": 2144616.3299999996,
    "hi": 7973067720.0
  },
  "balance_sheet__[U01A110000000]   비유동자산(*)(IFRS)(천원)": {
    "median": 0.0,
    "iqr": 1e-06,
    "lo": 0.0,
    "hi": 0.0
  },
  "sim__cash": {
    "median": 7443637.0,
    "iqr": 16447704.5,
    "lo": 0.0,
    "hi": 1187144455.0000048
  },
  "sim__short_term_investments": {
    "median": 0.0,
    "iqr": 20819.5,
    "lo": 0.0,
    "hi": 14306770.000000004
  },
  "sim__receivables": {
    "median": 13284697.5,
    "iqr": 30048173.0,
    "lo": 0.0,
    "hi": 2983138240.0000057
  },
  "sim__inventory": {
    "median": 7701593.0,
    "iqr": 20062899.0,
    "lo": 0.0,
    "hi": 1482260622.2050002
  },
  "sim__ppe": {
    "median": 24839842.0,
    "iqr": 58622760.5,
    "lo": 16952.55,
    "hi": 9334621750.000051
  },
  "balance_sheet__[U01A111019000]      무형자산(*)(IFRS)(천원)": {
    "median": 1136580.0,
    "iqr": 2881188.5,
    "lo": 0.0,
    "hi": 645234213.82
  },
  "sim__total_liabilities": {
    "median": 43470271.0,
    "iqr": 97576882.75,
    "lo": 1079214.185,
    "hi": 26539992527.705097
  },
  "sim__current_liabilities": {
    "median": 31600631.0,
    "iqr": 63703054.5,
    "lo": 495442.08,
    "hi": 6765298686.030004
  },
  "balance_sheet__[U01A810000000]   비유동부채 (*)(IFRS)(천원)": {
    "median": 0.0,
    "iqr": 1e-06,
    "lo": 0.0,
    "hi": 0.0
  },
  "sim__short_term_debt": {
    "median": 5282945.0,
    "iqr": 22000000.0,
    "lo": 0.0,
    "hi": 1168121016.2000008
  },
  "balance_sheet__[U01A811027400]      유동성장기부채(*)(IFRS)(천원)": {
    "median": 0.0,
    "iqr": 1e-06,
    "lo": 0.0,
    "hi": 0.0
  },
  "sim__long_term_debt": {
    "median": 187557.0,
    "iqr": 6195570.75,
    "lo": 0.0,
    "hi": 898209484.8350006
  },
  "sim__bonds": {
    "median": 0.0,
    "iqr": 1e-06,
    "lo": 0.0,
    "hi": 2593706300.000003
  },
  "sim__payables": {
    "median": 5108276.0,
    "iqr": 14782360.0,
    "lo": 0.0,
    "hi": 1641817429.7800002
  },
  "sim__total_equity": {
    "median": 74858239.0,
    "iqr": 139322471.5,
    "lo": -10881266.805,
    "hi": 16772086114.925003
  },
  "balance_sheet__[U01A611000000]   자본금(*)(IFRS)(천원)": {
    "median": 0.0,
    "iqr": 1e-06,
    "lo": 0.0,
    "hi": 0.0
  },
  "sim__retained_earnings": {
    "median": 0.0,
    "iqr": 1e-06,
    "lo": 0.0,
    "hi": 0.0
  },
  "sim__revenue": {
    "median": 79609135.0,
    "iqr": 167926892.0,
    "lo": 186110.91,
    "hi": 20010520752.745033
  },
  "sim__cogs": {
    "median": 54467058.0,
    "iqr": 129420906.25,
    "lo": 0.0,
    "hi": 17408931430.775024
  },
  "income_statement__[U01B201014400]매출총이익(손실)(IFRS)(천원)": {
    "median": 15948593.0,
    "iqr": 32074022.25,
    "lo": -16558758.265,
    "hi": 3627177222.4950004
  },
  "sim__sga": {
    "median": 12362432.0,
    "iqr": 22072640.75,
    "lo": 1098801.005,
    "hi": 2419617640.115007
  },
  "sim__operating_income": {
    "median": 3530595.5,
    "iqr": 12022820.0,
    "lo": -105802813.065,
    "hi": 1150459472.1450026
  },
  "sim__financial_cost": {
    "median": 1656746.0,
    "iqr": 4429928.5,
    "lo": 0.0,
    "hi": 586882550.4700007
  },
  "income_statement__[U01B700000000]법인세비용차감전순이익(손실)(IFRS)(천원)": {
    "median": 0.0,
    "iqr": 1e-06,
    "lo": 0.0,
    "hi": 0.0
  },
  "income_statement__[U01B750000000]법인세비용(IFRS)(천원)": {
    "median": 0.0,
    "iqr": 1e-06,
    "lo": 0.0,
    "hi": 0.0
  },
  "sim__net_income": {
    "median": 3130775.5,
    "iqr": 12281709.75,
    "lo": -265980165.35,
    "hi": 1217555655.0000014
  },
  "income_statement__[U01B900000000]총포괄손익(IFRS)(천원)": {
    "median": 0.0,
    "iqr": 1e-06,
    "lo": 0.0,
    "hi": 0.0
  },
  "income_statement__[U01B350014100]   감가상각비(IFRS)(천원)": {
    "median": 0.0,
    "iqr": 1e-06,
    "lo": 0.0,
    "hi": 0.0
  },
  "income_statement__[U01B350014300]   기타무형자산상각비(IFRS)(천원)": {
    "median": 0.0,
    "iqr": 1e-06,
    "lo": 0.0,
    "hi": 0.0
  },
  "income_statement__[U01B500010000]   이자수익(IFRS)(천원)": {
    "median": 0.0,
    "iqr": 1e-06,
    "lo": 0.0,
    "hi": 0.0
  },
  "income_statement__[U01B500010100]   배당금수익(IFRS)(천원)": {
    "median": 0.0,
    "iqr": 1e-06,
    "lo": 0.0,
    "hi": 0.0
  },
  "sim__operating_cf": {
    "median": 0.0,
    "iqr": 1e-06,
    "lo": 0.0,
    "hi": 0.0
  },
  "cash_flow__[U01D200000000]투자활동으로 인한 현금흐름(*)(IFRS)(천원)": {
    "median": 0.0,
    "iqr": 1e-06,
    "lo": 0.0,
    "hi": 0.0
  },
  "cash_flow__[U01D300000000]재무활동으로 인한 현금흐름(*)(IFRS)(천원)": {
    "median": 0.0,
    "iqr": 1e-06,
    "lo": 0.0,
    "hi": 0.0
  },
  "sim__capex": {
    "median": 44809.0,
    "iqr": 3304208.0,
    "lo": -302481321.13,
    "hi": 659248178.9950007
  },
  "equity_change__[U01C100000000]기말자본금(*)(IFRS)(천원)": {
    "median": 0.0,
    "iqr": 1e-06,
    "lo": 0.0,
    "hi": 0.0
  },
  "equity_change__[U01C200000000]기말자본잉여금(*)(IFRS)(천원)": {
    "median": 0.0,
    "iqr": 1e-06,
    "lo": 0.0,
    "hi": 0.0
  },
  "equity_change__[U01C300000000]기말기타자본(*)(IFRS)(천원)": {
    "median": 0.0,
    "iqr": 1e-06,
    "lo": 0.0,
    "hi": 0.0
  },
  "equity_change__[U01C400000000]기말기타포괄손익누계액(*)(IFRS)(천원)": {
    "median": 0.0,
    "iqr": 1e-06,
    "lo": 0.0,
    "hi": 0.0
  },
  "equity_change__[U01C500000000]기말이익잉여금(결손금)(*)(IFRS)(천원)": {
    "median": 0.0,
    "iqr": 1e-06,
    "lo": 0.0,
    "hi": 0.0
  },
  "sim__cash_dividends": {
    "median": 0.0,
    "iqr": 1e-06,
    "lo": 0.0,
    "hi": 0.0
  },
  "derived__ppe_to_assets": {
    "median": 0.22353920683207504,
    "iqr": 0.2667264916144083,
    "lo": 8.485521782599615e-05,
    "hi": 0.821301769259592
  },
  "derived__capex_to_revenue": {
    "median": 0.0006380452605033676,
    "iqr": 0.03198255941402265,
    "lo": -3.853548865883899,
    "hi": 1.8195737752058658
  },
  "derived__inventory_to_revenue": {
    "median": 0.09959927256963384,
    "iqr": 0.1383283209932486,
    "lo": 0.0,
    "hi": 1.1401380929546772
  },
  "derived__receivables_to_revenue": {
    "median": 0.17405572751159393,
    "iqr": 0.14202420086356288,
    "lo": 0.0,
    "hi": 1.4264643382254274
  },
  "derived__payables_to_revenue": {
    "median": 0.06647356201387064,
    "iqr": 0.0745452279192857,
    "lo": 0.0,
    "hi": 0.5503432112287551
  },
  "derived__inventory_turnover_proxy": {
    "median": 6.426847894198238,
    "iqr": 7.172729542423224,
    "lo": 0.0,
    "hi": 2028.2018722782095
  },
  "derived__receivables_turnover_proxy": {
    "median": 5.635900617666941,
    "iqr": 4.345001148510472,
    "lo": 0.6891671281013535,
    "hi": 257.03678923146833
  },
  "derived__payables_turnover_proxy": {
    "median": 10.060729827384018,
    "iqr": 8.055632961600358,
    "lo": 0.0,
    "hi": 1032.0062786260673
  },
  "derived__short_debt_to_total_debt": {
    "median": 0.6995925239932945,
    "iqr": 0.42272047348144365,
    "lo": 0.0,
    "hi": 1.0
  },
  "derived__long_debt_to_total_debt": {
    "median": 0.11743981209630065,
    "iqr": 0.2733780569524401,
    "lo": 0.0,
    "hi": 1.0
  },
  "derived__bond_to_total_debt": {
    "median": 0.0,
    "iqr": 1e-06,
    "lo": 0.0,
    "hi": 1.0
  },
  "derived__operating_margin": {
    "median": 0.04211233511973523,
    "iqr": 0.0868539757100873,
    "lo": -12.763957780852955,
    "hi": 0.7552568129040652
  },
  "derived__gross_margin": {
    "median": 0.19704664640437186,
    "iqr": 0.22284476344491122,
    "lo": -0.34875929566251623,
    "hi": 1.0
  },
  "derived__net_margin": {
    "median": 0.03183774927249748,
    "iqr": 0.099078571776094,
    "lo": -18.714091202171158,
    "hi": 1.484664882911636
  },
  "derived__roa_proxy": {
    "median": 0.02358862310088461,
    "iqr": 0.07344029697738665,
    "lo": -1.2823523534995647,
    "hi": 0.334161101608898
  },
  "derived__cogs_to_revenue": {
    "median": 0.8029533535956281,
    "iqr": 0.22284476344491122,
    "lo": 0.0,