{
  "R006": {
    "0": 0.0,
    "1": 0.0,
    "2": 0.0,
    "3": 0.0,
    "5": 0.0,
    "6": 0.0,
    "8": 0.0,
    "11": 16.03840682788058,
    "12": 16.03840682788058,
    "14": 16.03840682788058,
    "15": 16.03840682788058,
    "16": 16.03840682788058,
    "17": 18.705547652916128,
    "18": 18.705547652916128,
    "19": 18.705547652916128,
    "20": 18.705547652916128,
    "21": 18.705547652916128,
    "22": 18.705547652916128,
    "23": 18.705547652916128,
    "24": 18.705547652916128,
    "25": 18.705547652916128,
    "26": 18.705547652916128,
    "27": 29.729729729729826,
    "28": 36.801072327388155,
    "29": 36.801072327388155,
    "30": 36.801072327388155,
    "31": 36.801072327388155,
    "32": 46.94167852062597,
    "33": 58.17923186344246,
    "34": 59.83499288762451,
    "35": 78.86632896144631,
    "36": 88.27899106536887,
    "37": 96.70329670329674,
    "38": 97.25986374185824,
    "39": 97.25986374185824,
    "40": 100.0,
    "41": 100.0,
    "42": 100.0,
    "43": 100.0,
    "44": 100.0,
    "45": 100.0,
    "46": 100.0,
    "47": 100.0,
    "48": 100.0,
    "49": 100.0
  },
  "R064": {
    "0": 0.0,
    "1": 1.2818877551020273,
    "2": 1.2818877551020273,
    "3": 1.2818877551020273,
    "4": 1.2818877551020273,
    "5": 1.2818877551020273,
    "6": 1.2818877551020273,
    "7": 1.2818877551020273,
    "8": 1.2818877551020273,
    "9": 1.2818877551020273,
    "10": 5.302353896103896,
    "11": 5.302353896103896,
    "12": 5.302353896103896,
    "13": 5.302353896103896,
    "14": 5.302353896103896,
    "15": 5.302353896103896,
    "16": 9.471726190476199,
    "17": 9.471726190476199,
    "18": 22.46626984126987,
    "19": 22.46626984126987,
    "20": 22.46626984126987,
    "21": 22.46626984126987,
    "22": 30.318587662337688,
    "23": 30.318587662337688,
    "24": 30.318587662337688,
    "25": 30.318587662337688,
    "26": 30.318587662337688,
    "27": 38.487153790087454,
    "28": 42.05866228070169,
    "29": 50.1004464285714,
    "30": 51.309602963525826,
    "31": 57.606342654986484,
    "32": 59.360039893617,
    "33": 59.360039893617,
    "34": 59.360039893617,
    "35": 64.06250000000001,
    "36": 64.53014497878354,
    "37": 72.13811063218391,
    "38": 72.13811063218391,
    "39": 75.70343137254902,
    "40": 75.70343137254902,
    "41": 75.70343137254902,
    "42": 82.03800516917295,
    "43": 86.78380102040813,
    "44": 91.6299261083744,
    "45": 91.6299261083744,
    "46": 91.6299261083744,
    "47": 100.0,
    "48": 100.0,
    "49": 100.0
  },
  "R085": {
    "49": 0.0,
    "47": 0.0,
    "46": 23.92437992967785,
    "45": 23.92437992967785,
    "43": 23.92437992967785,
    "42": 23.92437992967785,
    "41": 23.92437992967785,
    "39": 23.92437992967785,
    "37": 23.92437992967785,
    "36": 23.92437992967785,
    "35": 23.92437992967785,
    "34": 23.92437992967785,
    "33": 23.92437992967785,
    "32": 23.92437992967785,
    "30": 23.92437992967785,
    "29": 23.92437992967785,
    "27": 23.92437992967785,
    "26": 23.92437992967785,
    "25": 23.92437992967785,
    "24": 23.92437992967785,
    "23": 23.92437992967785,
    "22": 23.92437992967785,
    "21": 23.92437992967785,
    "20": 37.8390192910767,
    "19": 37.8390192910767,
    "18": 37.8390192910767,
    "17": 37.8390192910767,
    "16": 53.795609474662434,
    "15": 53.795609474662434,
    "14": 53.795609474662434,
    "13": 53.795609474662434,
    "12": 53.795609474662434,
    "11": 53.795609474662434,
    "10": 53.795609474662434,
    "9": 53.795609474662434,
    "8": 53.795609474662434,
    "7": 53.795609474662434,
    "6": 53.795609474662434,
    "5": 53.795609474662434,
    "4": 53.795609474662434,
    "3": 54.70524882004503,
    "2": 57.437425368176505,
    "1": 72.0634100436082,
    "0": 100.0
  },
  "R133": {
    "0": 0.0,
    "2": 19.689119170984455,
    "3": 19.689119170984455,
    "4": 19.689119170984455,
    "5": 19.689119170984455,
    "6": 19.689119170984455,
    "7": 19.689119170984455,
    "8": 19.689119170984455,
    "9": 19.689119170984455,
    "10": 25.084695097648446,
    "11": 25.084695097648446,
    "12": 25.084695097648446,
    "13": 25.084695097648446,
    "14": 25.084695097648446,
    "15": 33.82636462224368,
    "16": 33.82636462224368,
    "17": 33.82636462224368,
    "18": 33.82636462224368,
    "19": 33.82636462224368,
    "20": 33.82636462224368,
    "21": 33.82636462224368,
    "22": 35.87019565385507,
    "23": 43.09613052585159,
    "24": 43.09613052585159,
    "25": 54.11136347505147,
    "26": 56.23169632800186,
    "27": 61.909800773553194,
    "28": 65.67830263605755,
    "29": 65.67830263605755,
    "30": 65.67830263605755,
    "31": 75.30224525043184,
    "32": 75.30224525043184,
    "33": 75.30224525043184,
    "34": 75.30224525043184,
    "35": 82.58491652274039,
    "36": 82.58491652274039,
    "37": 82.58491652274039,
    "38": 82.58491652274039,
    "39": 82.58491652274039,
    "40": 100.0,
    "41": 100.0,
    "42": 100.0,
    "43": 100.0,
    "44": 100.0,
    "45": 100.0,
    "46": 100.0,
    "47": 100.0,
    "48": 100.0,
    "49": 100.0
  },
  "R157": {
    "0": 0.0,
    "1": 15.691109254211128,
    "2": 15.691109254211128,
    "3": 31.87597787522862,
    "4": 40.22902939685758,
    "5": 40.22902939685758,
    "6": 40.22902939685758,
    "7": 43.47521325123206,
    "8": 50.363237033282594,
    "9": 57.42524075012667,
    "10": 66.29060214125262,
    "11": 66.29060214125262,
    "12": 66.29060214125262,
    "13": 66.29060214125262,
    "14": 66.29060214125262,
    "15": 66.29060214125262,
    "16": 66.29060214125262,
    "17": 66.29060214125262,
    "18": 66.29060214125262,
    "19": 66.29060214125262,
    "20": 66.29060214125262,
    "21": 66.29060214125262,
    "22": 66.29060214125262,
    "23": 66.29060214125262,
    "24": 66.29060214125262,
    "25": 66.29060214125262,
    "26": 66.29060214125262,
    "27": 66.29060214125262,
    "28": 66.29060214125262,
    "29": 66.29060214125262,
    "30": 66.29060214125262,
    "31": 66.29060214125262,
    "32": 66.29060214125262,
    "33": 66.29060214125262,
    "34": 66.29060214125262,
    "35": 66.29060214125262,
    "36": 66.29060214125262,
    "37": 66.29060214125262,
    "38": 66.29060214125262,
    "39": 76.93867207298524,
    "41": 97.23264064875816,
    "42": 97.23264064875816,
    "43": 99.48752604606625,
    "44": 99.48752604606625,
    "45": 99.48752604606625,
    "47": 99.48752604606625,
    "48": 99.48752604606625,
    "49": 100.0
  },
  "R182": {
    "0": 0.0,
    "1": 19.538274106917946,
    "2": 19.538274106917946,
    "3": 19.538274106917946,
    "4": 37.25819419833842,
    "5": 37.25819419833842,
    "6": 61.842884999288096,
    "7": 61.842884999288096,
    "8": 61.842884999288096,
    "9": 97.90451534302893,
    "10": 100.0,
    "11": 100.0,
    "12": 100.0,
    "13": 100.0,
    "14": 100.0,
    "15": 100.0,
    "16": 100.0,
    "17": 100.0,
    "18": 100.0,
    "19": 100.0,
    "20": 100.0,
    "21": 100.0,
    "22": 100.0,
    "23": 100.0,
    "24": 100.0,
    "25": 100.0,
    "26": 100.0,
    "27": 100.0,
    "28": 100.0,
    "29": 100.0,
    "30": 100.0,
    "31": 100.0,
    "32": 100.0,
    "33": 100.0,
    "34": 100.0,
    "35": 100.0,
    "36": 100.0,
    "37": 100.0,
    "38": 100.0,
    "39": 100.0,
    "40": 100.0,
    "41": 100.0,
    "42": 100.0,
    "46": 100.0,
    "48": 100.0,
    "49": 100.0
  },
  "industry_avg_rating_lag1_self_excl": {
    "49": 0.0,
    "39": 30.546393125876115,
    "38": 30.546393125876115,
    "37": 30.546393125876115,
    "36": 30.546393125876115,
    "35": 30.546393125876115,
    "34": 30.546393125876115,
    "33": 30.546393125876115,
    "32": 30.546393125876115,
    "31": 30.546393125876115,
    "30": 30.546393125876115,
    "29": 30.546393125876115,
    "28": 30.546393125876115,
    "27": 30.546393125876115,
    "26": 30.546393125876115,
    "25": 30.546393125876115,
    "24": 30.546393125876115,
    "23": 30.546393125876115,
    "22": 54.211363405637805,
    "21": 62.514404531719215,