{
  "R006": {
    "edges": [
      -1.7235907030026039,
      -1.6746714952967798,
      -1.6257522875909558,
      -1.5768330798851318,
      -1.5279138721793077,
      -1.4789946644734835,
      -1.4300754567676595,
      -1.3811562490618354,
      -1.3322370413560114,
      -1.2833178336501874,
      -1.2343986259443633,
      -1.1854794182385393,
      -1.136560210532715,
      -1.0876410028268912,
      -1.038721795121067,
      -0.989802587415243,
      -0.9408833797094189,
      -0.8919641720035949,
      -0.8430449642977709,
      -0.7941257565919467,
      -0.7452065488861227,
      -0.6962873411802986,
      -0.6473681334744745,
      -0.5984489257686505,
      -0.5495297180628265,
      -0.5006105103570024,
      -0.4516913026511784,
      -0.4027720949453544,
      -0.3538528872395301,
      -0.3049336795337061,
      -0.25601447182788206,
      -0.20709526412205803,
      -0.158176056416234,
      -0.10925684871040997,
      -0.06033764100458594,
      -0.01141843329876191,
      0.03750077440706212,
      0.08641998211288637,
      0.1353391898187104,
      0.18425839752453443,
      0.23317760523035846,
      0.2820968129361825,
      0.33101602064200675,
      0.37993522834783056,
      0.4288544360536548,
      0.4777736437594786,
      0.5266928514653029,
      0.5756120591711267,
      0.6245312668769509,
      0.6734504745827752,
      0.7223696822885991
    ],
    "method": "equal_width_50",
    "n_bins": 50,
    "is_binary": false,
    "is_low_unique": false
  },
  "R064": {
    "edges": [
      -1.2255604525021144,
      -1.1830740132784727,
      -1.1405875740548312,
      -1.0981011348311895,
      -1.0556146956075478,
      -1.0131282563839061,
      -0.9706418171602647,
      -0.928155377936623,
      -0.8856689387129814,
      -0.8431824994893398,
      -0.8006960602656981,
      -0.7582096210420565,
      -0.7157231818184149,
      -0.6732367425947732,
      -0.6307503033711316,
      -0.5882638641474899,
      -0.5457774249238483,
      -0.5032909857002067,
      -0.460804546476565,
      -0.4183181072529234,
      -0.3758316680292817,
      -0.3333452288056401,
      -0.2908587895819985,
      -0.2483723503583568,
      -0.20588591113471533,
      -0.16339947191107362,
      -0.12091303268743192,
      -0.07842659346379022,
      -0.035940154240148736,
      0.006546284983492967,
      0.04903272420713467,
      0.09151916343077615,
      0.13400560265441785,
      0.17649204187805956,
      0.21897848110170104,
      0.26146492032534274,
      0.30395135954898445,
      0.3464377987726259,
      0.38892423799626763,
      0.43141067721990933,
      0.47389711644355104,
      0.5163835556671925,
      0.5588699948908342,
      0.6013564341144759,
      0.6438428733381174,
      0.6863293125617591,
      0.7288157517854008,
      0.7713021910090423,
      0.8137886302326838,
      0.8562750694563255,
      0.8987615086799674
    ],
    "method": "equal_width_50",
    "n_bins": 50,
    "is_binary": false,
    "is_low_unique": false
  },
  "R085": {
    "edges": [
      0.0,
      0.012638481567803082,
      0.025276963135606165,
      0.03791544470340925,
      0.05055392627121233,
      0.06319240783901542,
      0.0758308894068185,
      0.08846937097462157,
      0.10110785254242466,
      0.11374633411022775,
      0.12638481567803084,
      0.1390232972458339,
      0.151661778813637,
      0.16430026038144008,
      0.17693874194924314,
      0.18957722351704623,
      0.20221570508484932,
      0.2148541866526524,
      0.2274926682204555,
      0.24013114978825856,
      0.2527696313560617,
      0.26540811292386474,
      0.2780465944916678,
      0.2906850760594709,
      0.303323557627274,
      0.31596203919507704,
      0.32860052076288015,
      0.3412390023306832,
      0.3538774838984863,
      0.3665159654662894,
      0.37915444703409246,
      0.3917929286018956,
      0.40443141016969864,
      0.4170698917375017,
      0.4297083733053048,
      0.4423468548731079,
      0.454985336440911,
      0.46762381800871405,
      0.4802622995765171,
      0.49290078114432023,
      0.5055392627121233,
      0.5181777442799264,
      0.5308162258477295,
      0.5434547074155326,
      0.5560931889833356,
      0.5687316705511387,
      0.5813701521189418,
      0.5940086336867448,
      0.606647115254548,
      0.6192855968223511,
      0.6319240783901541
    ],
    "method": "equal_width_50",
    "n_bins": 50,
    "is_binary": false,
    "is_low_unique": false
  },
  "R133": {
    "edges": [
      -1.8459171767369922,
      -1.7645379135948247,
      -1.6831586504526572,
      -1.60177938731049,
      -1.5204001241683225,
      -1.439020861026155,
      -1.3576415978839875,
      -1.27626233474182,
      -1.1948830715996528,
      -1.113503808457485,
      -1.0321245453153178,
      -0.9507452821731504,
      -0.8693660190309829,
      -0.7879867558888154,
      -0.7066074927466481,
      -0.6252282296044807,
      -0.5438489664623132,
      -0.4624697033201457,
      -0.3810904401779782,
      -0.29971117703581096,
      -0.21833191389364348,
      -0.136952650751476,
      -0.05557338760930852,
      0.025805875532858957,
      0.10718513867502644,
      0.1885644018171937,
      0.2699436649593614,
      0.35132292810152865,
      0.4327021912436959,
      0.5140814543858636,
      0.5954607175280309,
      0.6768399806701986,
      0.7582192438123658,
      0.8395985069545331,
      0.9209777700967008,
      1.002357033238868,
      1.0837362963810357,
      1.165115559523203,
      1.2464948226653703,
      1.327874085807538,
      1.4092533489497052,
      1.490632612091873,
      1.5720118752340402,
      1.6533911383762074,
      1.7347704015183751,
      1.8161496646605424,
      1.89752892780271,
      1.9789081909448774,
      2.060287454087045,
      2.1416667172292123,
      2.2230459803713796
    ],
    "method": "equal_width_50",
    "n_bins": 50,
    "is_binary": false,
    "is_low_unique": false
  },
  "R157": {
    "edges": [
      0.3134103056360542,
      3.0308051183203197,
      5.748199931004585,
      8.46559474368885,
      11.182989556373116,
      13.900384369057381,
      16.617779181741646,
      19.33517399442591,
      22.052568807110177,
      24.769963619794442,
      27.487358432478707,
      30.204753245162973,
      32.92214805784724,
      35.6395428705315,
      38.35693768321577,
      41.07433249590004,
      43.7917273085843,
      46.50912212126856,
      49.22651693395283,
      51.9439117466371,
      54.66130655932136,
      57.37870137200562,
      60.09609618468989,
      62.81349099737416,
      65.53088581005842,
      68.24828062274268,
      70.96567543542695,
      73.68307024811122,
      76.40046506079548,
      79.11785987347974,
      81.83525468616402,
      84.55264949884828,
      87.27004431153254,
      89.9874391242168,
      92.70483393690107,
      95.42222874958534,
      98.1396235622696,
      100.85701837495387,
      103.57441318763814,
      106.2918080003224,
      109.00920281300667,
      111.72659762569093,
      114.44399243837519,
      117.16138725105947,
      119.87878206374373,
      122.59617687642799,
      125.31357168911227,
      128.0309665017965,
      130.74836131448077,
      133.46575612716504,
      136.1831509398493
    ],
    "method": "equal_width_50",
    "n_bins": 50,
    "is_binary": false,
    "is_low_unique": false
  },