{
  "financial": {
    "p01": 17.988974594288646,
    "p99": 88.31335643613777
  },
  "nonfinancial": {
    "p01": 22.292164308055124,
    "p99": 93.32630513504097
  }
}