{
  "R006": 78.86632896144631,
  "R064": 64.06250000000001,
  "R085": 72.0634100436082,
  "R133": 43.09613052585159,
  "R157": 40.22902939685758,
  "R182": 100.0,
  "industry_avg_rating_lag1_self_excl": 62.514404531719215,
  "cap_change_count_3y": 93.8186956665736,
  "log_assets": 49.05460702695078,
  "operating_loss_freq_3y": 100.0,
  "ratio_missing_rate": 100.0
}