{
  "R006": 0.186346,
  "R064": 0.186534,
  "R085": 0.187786,
  "R133": 0.116109,
  "R157": 0.195702,
  "R182": 0.127522,
  "industry_avg_rating_lag1_self_excl": 0.138702,
  "cap_change_count_3y": 0.239072,
  "log_assets": 0.239072,
  "operating_loss_freq_3y": 0.215165,
  "ratio_missing_rate": 0.167988
}